Index,Type,Label,Macro,File ID,Character,Voice Index,Japanese Line,English Line,Metadata Tags,Words,Notes,Explicit Notes
4,Comment,*TOP,,,,,;mm ファイルの繋がりが複雑なので話者名変更したあと、どこでリセットかけるべきか分かりにくいので,,,,[Provide the context this gives if applicable],
5,Comment,*TOP,,,,,;mm 全ファイル頭で一括でリセットかける,,,,[Provide the context this gives if applicable],
9,Comment,*TOP,,,,,; 回想シーン開放フラグ,,,,[Provide the context this gives if applicable],
11,Start,*scene_start,,,,,,,,,Scene officially begins due to label: *scene_start,
16,Music,*scene_start,bgm005,bgm05,,,,,"[Note: I need to index bgm with you so you can understand their use.  They too are defined by macros.  In this case, [bgm005] loads and plays s_bgm\bgm05.ogg.  The macro definitions are in macro04_sound.ks.  I placed the note here because part of the indexing will be tagging them with their own metadata tags to influence emotion tagging of dialogue.]",,[Provide the context this gives],
18,Comment,*scene_start,,,,,;//冒頭からシーン回想を登録　変身した状態で開始,,,,[Provide the context this gives if applicable],
19,Comment,*scene_start,,,,,;//三人称の予定だったが合わなかったので一人称に変更,,,,[Provide the context this gives if applicable],
21,Comment,*scene_start,,,,,;mm 長尺座標メモ,,,,[Provide the context this gives if applicable],
22,Comment,*scene_start,,,,,;茜   0,,,,[Provide the context this gives if applicable],
23,Comment,*scene_start,,,,,;葵   -300,,,,[Provide the context this gives if applicable],
24,Comment,*scene_start,,,,,;ミア -700,,,,[Provide the context this gives if applicable],
25,Comment,*scene_start,,,,,;変数にしちゃうか　前半やったけどめんどうだったので他は実数でやる,,,,[Provide the context this gives if applicable],
30,SE,*scene_start,"[se buf=1 storage=""&sf.SE触手ループ"" loop]",,,,,,,,[Provide the context this gives],
32,Comment,*scene_start,,,,,;//イベント画像指定：EV46　差分　E 気が遠くなってもはや何が起きているのかすら判断がおぼつかなくなっているヒロインたち。,,,,[Provide the context this gives if applicable],
33,CG,*scene_start,trans_c,ev46a,Akane,,,,,,[Provide the context this gives],
37,Voice,*1,vo_aka,akane_0001,Akane,,[placeholder until Whisper JSON injected],,[placeholder until Whisper JSON injected],[placeholder until Whisper JSON injected],,
39,Dialogue,*1,【茜】,,Akane,37.0,「こんなのやだぁ……離してよぉ……」,,{tone:ominous}{tone:tense}{bgm:looping},,,
41,Comment,*1,,,,,;mm bgv3人ならすのかなぁ,,,,[Provide the context this gives if applicable],
42,Voice,*1,bgv_aka,to01,Akane,,[placeholder until Whisper JSON injected],,[Provide tags if known],,[Provide the context this gives],
46,Narration,*2,nor,,Protagonist,,"まだあどけなさの残る少女達の体には、ヒトの臓物にも似た赤黒い触手が絡みつき、宙へと掲げ上げている。
少女達はまるで、磔刑される聖人のようだ。",,,,"[Provide the context this gives]
[Since [nor] is present, this counts as narration that should be translated together]",
49,Comment,*2,,,,,;システムボタン＆ウィンドウ消去,,,,[Provide the context this gives],
51,Effect,*2,move,,Aoi,,,,,,[Provide the context this gives],
52,CG,*2,trans_c,ev46a,Aoi,,,,,,,
56,Voice,*3,vo_aoi,aoi_0001,Aoi,,[placeholder until Whisper JSON injected],,[placeholder until Whisper JSON injected],[placeholder until Whisper JSON injected],,
58,Dialogue,*3,【葵】,,Aoi,56.0,「あ……うぁ……んぅ……く、あ……」,"“Ah… uah… nn… kuh, ah…”",{emote:fear}{intent:spoken}{lang:ja},,"First line by Aoi. Environmental FX (tentacle SFX, bgv_aka loop) already active. Line is verbal and short; tags assigned conservatively to reflect fear without overstepping into sobbing or agony.",
60,Voice,*3,bgv_aoi,to01,Aoi,,[placeholder until Whisper JSON injected],,[Provide tags if known],,[Provide the context this gives],
64,Narration,*4,,,Protagonist,,ドロリとした体液が、少女達の肌の上に糸を引いて伝い落ちる。,,,,[Provide the context this gives],
67,Comment,*4,,,,,;moveは変数使うと読みにくいから実数。,,,,[Provide the context this gives if applicable],
68,Effect,*4,move,,Mia,,,,,,[Provide the context this gives],
69,CG,*4,trans_c,ev46a,Mia,,,,,,[Provide the context this gives],
73,Voice,*5,vo_mia,mia_0001,Mia,,[placeholder until Whisper JSON injected],,[placeholder until Whisper JSON injected],[placeholder until Whisper JSON injected],,
75,Dialogue,*5,【ミア】 ,,Mia,73.0,「こんな事して何になるっていうの。力を合わせて戦えるって思ってたのに……」,,,,,
77,Voice,*5,bgv_mia,to01,Mia,,,,[Provide tags if known],,[Provide the context this gives],
81,Narration,*6,,,Protagonist,,ヌメヌメと、鈍く妖艶に光る臓物――触手が、まるで焦らすように、少女達の秘部を緩やかにまさぐっている。,,,,[Provide the context this gives],
83,Comment,*6,,,,,;もう移動で見せたからこっからフェードおおめ,,,,[Provide the context this gives if applicable],
84,CG,*6,trans_c,ev46a,Akane,,,,,,[Provide the context this gives],
88,Voice,*7,vo_aka,akane_0002,Akane,,[placeholder until Whisper JSON injected],,[placeholder until Whisper JSON injected],[placeholder until Whisper JSON injected],,
90,Dialogue,*7,【茜】,,Akane,88.0,「せ……先生……もう、やめにして……ね？」,“D-Doctor… please stop already… okay?”,{emote:beg}{intent:spoken}{lang:ja},,"Submissive, tired plea. No sobbing or FX overlay. Mid-scene escalation. Tentacle loop and all three girls moaning.",Uses 「先生」 (Sensei). Translated as 'Doctor' for policy compliance.
94,Narration,*8,nor,,Protagonist,,"熱を帯びた、吐息混じりの少女の声は弱々しく震えている。
その声は、あどけなさの残る見た目とは裏腹に、快楽に堕ちた大人のようだ。",,,,"[Provide the context this gives]
[Since [nor] is present, this counts as narration that should be translated together]",
100,Dialogue,*9,【主人公】,,Protagonist,,「やめろ……だと？　ふん、体はもっと続けて欲しいと言っている様に見えるが」,,,,,
104,Narration,*10,,,Protagonist,,目をしかめ、喘ぐ少女の小さな乳房を睨み付けると、乳首のすぐ近くで蠢く触手からグチュリと水気が溢れ出す。,,,,[Provide the context this gives],
108,Voice,*11,vo_aka,akane_0003,Akane,,[placeholder until Whisper JSON injected],,[placeholder until Whisper JSON injected],[placeholder until Whisper JSON injected],,
110,Dialogue,*11,【茜】,,Akane,108.0,「はっ……あ、あ……は、あぁ……」,,,,,
112,Comment,*11,,,,,;//声優指示・恐怖と快楽への期待に声にならない喘ぎ声,,,,[Provide the context this gives if applicable],
